x,y
-0.3844801678245129,12.264129703790676
-1.0765650778256397,11.47472140070616
-1.0765650778256397,11.47472140070616
0.2709965117319032,10.20375709541788
0.9216187800306916,10.25038319449686
-1.2377605300817924,17.06961626866926
0.8557888879485547,10.139971977868337
-1.1202480880234964,-0.9982314918841916
-0.100333159853195,-7.08069097186181
-0.100333159853195,-7.08069097186181
-0.1994613916135031,-0.8443064599878298
0.2406943694567274,-6.481534188303046
-1.1659816626476136,7.45388746628464
0.92640034184997,-3.7810365315330943
0.1496443916781986,-5.830629295806391
-0.8669233821746428,2.6521907238036846
-0.8669233821746428,2.6521907238036846
0.7245502525972217,-4.117855558281888
-1.2633749023857912,19.58721809292651
-1.2633749023857912,19.58721809292651
-0.2037497288038101,-11.247770760488269
-0.7205679849551067,11.914644739655971
-0.7205679849551067,11.914644739655971
-1.3089529698201496,-5.461105545849336
-0.0587283030187095,-6.039416477534565
-0.0587283030187095,-6.039416477534565
0.1796497105434029,1.2381688860444322
-0.6695883286854323,-1.7177456581752903
-1.2869736546848447,9.845576960439368
-1.2869736546848447,9.845576960439368
-0.373159181441173,-2.6197738603419465
-0.3923125487711433,-13.313038429231456
-0.3923125487711433,-13.313038429231456
-0.3458856517865278,-9.376398193312824
-1.5369615593030594,13.686487744357002
-0.802162380539574,5.065745603652192
-0.802162380539574,5.065745603652192
-1.901481868849044,4.386810310175595
-1.901481868849044,4.386810310175595
-1.677301273813723,-5.964075236993645
-1.677301273813723,-5.964075236993645
0.0718958623079813,0.0831489671724753
-0.6314582430642767,-21.016151202989995
-0.4355554637763615,-15.64992959371486
-1.351913467279536,-17.59883281433312
-1.351913467279536,-17.59883281433312
-1.351913467279536,-17.59883281433312
-0.4162414186462099,18.29808700236233
-0.972866496074924,0.7820746116119326
-0.972866496074924,0.7820746116119326
-1.6363020289376942,-11.377813509680797
-1.6363020289376942,-11.377813509680797
-0.874027369656281,-8.503403795696375
-0.0449564151323884,-4.809556054870682
-0.0449564151323884,-4.809556054870682
-0.1307915156730424,18.74217185706846
-0.1307915156730424,18.74217185706846
-0.9264531235662758,-18.191140527723196
-0.112413710023781,7.304018663262694
-0.3375870171960762,-6.8892468303717616
0.2334940342016581,-9.255746506809553
0.2334940342016581,-9.255746506809553
0.4058874966196747,-9.318658327677284
0.4058874966196747,-9.318658327677284
-0.2516298166453477,-5.528271061459265
-0.1930225426648189,-7.176620547641854
0.9634953115874968,18.217813550452497
-0.2576093725131109,-7.574134213691034
-0.1811936142184849,-2.167545233383342
-1.2351407703467865,16.41252164866453
-1.2351407703467865,16.41252164866453
-2.062162660208866,7.737340934048524
-2.062162660208866,7.737340934048524
0.4716824123202662,9.765841612522546
0.4716824123202662,9.765841612522546
-0.4079448927722058,15.381662432822214
-0.3827454701319034,-4.580216783010234
-0.3827454701319034,-4.580216783010234
0.4873412482324705,2.4645991120085773
0.1648424114624499,8.879563343608481
0.3694842239471312,-5.217497394711622
-0.3619573134721088,2.375810442039131
-0.3539140111548203,-10.72836695286014
-0.471907109921839,2.6029891770208313
-0.471907109921839,2.6029891770208313
0.8975597901791542,14.483342243127408
0.0642711440003448,-0.0627249811566297
1.279107601562277,-9.16450469921855
-1.0619046238465168,10.442036443644891
-0.1687682424830321,-3.4109596786086676
-0.2138337829540376,-19.532121231676015
1.8174783829222447,7.352033742792416
0.0660485615890763,16.246550750872288
-0.5581411038015643,0.1230483353890578
0.1937439451260251,-7.969331647140539
0.3806377110870075,4.145091806808889
-0.2166039014810352,0.3196061676743
-0.5870167768876197,-0.7653621436303338
-0.5870167768876197,-0.7653621436303338
1.7028110076470455,3.9618104977281594
-0.6428493902389408,9.040576050298672
-1.649037197832877,4.363509475939448
-1.649037197832877,4.363509475939448
0.0105220113532111,-11.3829816549896
-0.8719144696134167,-9.899419826249945
-1.4886577485922108,-15.03166760034899
-0.7575503173314219,-10.11575351295756
-0.7575503173314219,-10.11575351295756
-0.7575503173314219,-10.11575351295756
0.577583101606703,0.1082509648854214
-1.5029607819974795,3.7292154754196902
-1.5029607819974795,3.7292154754196902
-0.4109144230299602,18.560802303274883
-0.8017044707630537,12.554175752530002
-0.8017044707630537,12.554175752530002
1.560719992632315,4.102675722169802
-1.7350329380409113,2.683957889202958
-1.7350329380409113,2.683957889202958
-0.7571751436068371,-8.608176171607884
-0.7571751436068371,-8.608176171607884
-0.0417074999761142,10.333006297489783
-0.0260264209139664,-0.5457404487262766
0.4652484494264673,-7.567826964260672
0.8374227332061527,4.540754441716908
-2.04638221761079,8.235177064167363
-2.04638221761079,8.235177064167363
-2.04638221761079,8.235177064167363
-0.2141575174170491,1.0864627334905692
-0.922975203251223,-8.379927956318786
-0.922975203251223,-8.379927956318786
-1.082498513329802,-0.0534313168239467
-1.082498513329802,-0.0534313168239467
1.0517628202504954,-16.006575934019388
-0.9057558131813108,-5.155032619024984
0.9903972327698284,16.159143896491216
-1.5042293483195202,8.355655254506438
-0.3302299020294926,7.108590461914471
-0.3302299020294926,7.108590461914471
-0.4138241721958926,2.99015927977008
-0.4138241721958926,2.99015927977008
-1.5922103507867016,-13.916585626634086
-0.2095335262851946,1.067565185445297
-0.8889932462163438,20.462775180153493
-0.8889932462163438,20.462775180153493
0.1000936881117543,6.647904571810493
-0.4480952039123631,-4.195891024197226
-0.4709751476823474,1.97119519581895
-0.4709751476823474,1.97119519581895
-1.7731032780625078,7.205319238912361
1.626121036929216,1.1280804098905304
-0.2660197857659634,1.2358677240095035
1.120362807587196,12.425704134923157
-1.428729788031309,1.13740234644798
-1.428729788031309,1.13740234644798
-1.8375936448058192,-16.68278167243217
-1.8375936448058192,-16.68278167243217
-0.8203103048273229,12.407719079851171
1.014061793430855,9.919394659101496
0.7612807621536318,-21.03789444740031
-0.1698446404016038,3.011046022494291
-0.8074720647015347,-1.240377746668645
-0.8074720647015347,-1.240377746668645
0.6892667548953738,5.465309201255833
0.5198921549700891,-16.301140025843846
1.4763633259100248,-1.5306274733467995
0.3106626908841237,17.061209270884262
-0.6593480671061073,14.163931594708014
-1.198332331141624,2.4061030384776383
-1.198332331141624,2.4061030384776383
-0.2343456733133787,1.7209811014062306
-0.6065334936885487,-0.550465934812385
-0.7958481920560165,-11.681884815271992
-0.7958481920560165,-11.681884815271992
-0.1871112397579776,-8.012036061898979
0.2231060370875572,-10.418529725430387
-0.2581746297141202,12.99628637952458
0.8595419665168892,-0.2417369182519845
-0.8627177251526826,11.891323616745344
1.636259946805826,-4.402095641289333
-1.78750467147771,6.368056729417345
-1.78750467147771,6.368056729417345
-1.177903350711083,12.169559691315202
-1.177903350711083,12.169559691315202
-1.177903350711083,12.169559691315202
1.1973238687669456,-2.2498374210628596
0.2102444235300307,-5.3382232972169135
0.2503892391455326,23.467129010512892
0.5475361474340601,20.360866714128196
1.387426208194963,8.55182919734352
-1.4253052541492393,3.7940245386668425
0.4810362722050254,4.19526162847265
-0.6764998729558844,-4.935980896763191
-0.5029004651853073,2.334648884452414
-0.5029004651853073,2.334648884452414
0.3793088053038423,-6.281738115059774
-1.003274934019628,-1.7161391628697635
-1.003274934019628,-1.7161391628697635
-0.1452514556513982,3.2177179786924532
-0.1452514556513982,3.2177179786924532
-0.1876442510253458,14.051270674911285
0.3253559059523044,37.242849477563034
-1.8993449157010067,18.91288845425885
0.0341338488622897,6.661955049601216
0.4609202899789245,-4.201154560969135
0.4609202899789245,-4.201154560969135
-0.1507970241567466,4.252861257207981
-1.0505144588910391,10.142771478288992
0.649877547521923,-1.7982287965988408
-0.3801681281584403,-9.669897411104314
-0.3801681281584403,-9.669897411104314
-0.1011635931236011,10.155080200820468
-0.2615472626539114,3.923361366972811
1.4560156696585482,11.214394190025734
-0.2113981276376504,-5.001148171013776
0.3787097860842941,-1.906070845018568
-0.1129965349541014,9.510989344870826
0.5070901316691139,-6.797356837795624
-1.286693677149809,-2.1356854548012087
-1.286693677149809,-2.1356854548012087
0.9149487837392876,6.667533435982598
1.3165643897414945,-1.8426247446233464
-0.7373715313803254,-4.225895895431414
-0.726082576162126,0.2896628583376632
-0.726082576162126,0.2896628583376632
-1.576359361442145,6.302999148681679
-1.576359361442145,6.302999148681679
0.5571067568506654,-14.594449041384266
-1.4300457671601292,-6.31798737509666
-1.4300457671601292,-6.31798737509666
-0.3770642818593296,1.856933827968041
0.6634339584262791,4.2730650647774135
-0.696777902434989,2.5260648660901666
-0.696777902434989,2.5260648660901666
-1.5742750633925098,-2.424569991676305
0.2449174241206645,-7.874661849878444
-0.785636065387913,10.961778172862848
-0.785636065387913,10.961778172862848
-1.390557183261357,-5.836944305059174
-1.390557183261357,-5.836944305059174
-1.390557183261357,-5.836944305059174
0.1323835681800934,0.8745222127746641
0.6139070204031248,5.815479644127565
1.1007836463630307,-8.519586749408711
-0.7326125740439366,-8.870514878324197
-0.7466844365156226,9.47407459068832
-0.7466844365156226,9.47407459068832
0.9398254602527606,-8.237389132553176
-0.5773213034211194,4.89417127692252
0.3856927323285628,9.666884680175391
-1.0338207698746074,-11.261733001211214
-1.0338207698746074,-11.261733001211214
0.5016265493212412,-4.613171449535588
1.2742711310800685,-15.59280741349503
-1.373980574560763,4.268663651071705
0.6484832165887368,-2.532538676670974
-0.0735550170562654,2.0523848756238356
0.5950027678874008,-14.379632871442428
-0.4708414058523755,1.099070649459616
-0.8227090027600192,16.44567380474601
-0.8227090027600192,16.44567380474601
-0.8227090027600192,16.44567380474601
-0.7368547968999838,10.123061067750696
-0.7368547968999838,10.123061067750696
-0.0911880273824098,-2.3333009988280127
0.4682532758564037,-5.357503922653359
-0.4304502143698984,4.253121867437978
-1.6164973586219291,-3.456889911814037
-1.6164973586219291,-3.456889911814037
-0.0500133622386793,5.268099644828922
-1.3719943448811711,-11.48482233756063
-1.3719943448811711,-11.48482233756063
-0.6336422426393418,2.195428438221676
-0.6336422426393418,2.195428438221676
0.1997395543393571,12.784530292127547
-1.0177010990011317,7.51313965265671
-1.0177010990011317,7.51313965265671
-0.3608475123524755,-4.379657441351047
-1.5788316679415486,-5.5805254180450135
-1.5788316679415486,-5.5805254180450135
-2.453171296153059,-10.7553345482793
-2.453171296153059,-10.7553345482793
-0.0431736796914832,1.1223906410807625
-1.488876714198583,-9.900646195700771
-1.488876714198583,-9.900646195700771
1.2626100176221486,4.1466988012497294
-2.207138766955276,-9.864012334348123
-2.207138766955276,-9.864012334348123
1.034183126942571,-8.160080383800691
0.9547607013227692,-1.3906109592673843
0.3980557017232071,-1.1041980853144873
0.130449224576555,-11.901857703464431
-1.1719233030329288,0.9124247976257596
-1.1719233030329288,0.9124247976257596
-0.8935307597790413,-4.671205420963155
0.2284043013521929,1.3008410338656438
1.5389562485163215,-9.280783082156336
-0.4687206446783797,-5.77626932486737
-0.4687206446783797,-5.77626932486737
0.2941137611566231,0.2874032207731186
0.8416974200831142,-6.125532369004613
-0.4509437972048216,-9.57355055241742
0.1706598254702407,-3.290740996209278
0.9090951158044216,-12.641596217572022
-0.8043193423691212,-3.581089335027103
0.7149510068486501,-6.874258106347813
0.7149510068486501,-6.874258106347813
-0.2140341180700301,-2.1031404771234787
-1.0907228616615354,-5.112623938264279
-1.0907228616615354,-5.112623938264279
-1.6692139243653354,11.234670155163656
-1.6692139243653354,11.234670155163656
0.2726301130492834,-0.8168632659515551
0.1039064082001406,-2.8198284144729344
-1.223928429215125,10.983808820141602
0.4919454457077775,-3.3554827301348262
0.4919454457077775,-3.3554827301348262
0.0125166574086997,2.7160025282198363
0.5598070315564035,-9.650172848596574
0.0677496863499091,7.695171351911667
-0.2649247963731282,-6.408138094023918
-0.2096635153020262,-4.294486438561402
-2.094209599092792,0.2782337869755293
-2.094209599092792,0.2782337869755293
-0.4545332064121071,15.36605127292668
-0.4545332064121071,15.36605127292668
-0.3454903883954762,-11.829381750895289
-0.0135504039146143,4.021059538868316
0.7305980604704206,0.071047244719409
-0.4920876781044215,18.45000797598411
-0.4920876781044215,18.45000797598411
0.3766076164560019,5.728971100573666
-0.8940080235936527,8.44721321677691
-0.8940080235936527,8.44721321677691
-1.2213454653569211,-10.938865255899302
-1.2213454653569211,-10.938865255899302
-0.6040664612852562,10.50961176483547
-0.6040664612852562,10.50961176483547
0.2822542614877206,-1.3200754159057673
0.5540181402554719,2.5717869537064946
0.6985044040921369,3.005648564958249
-1.1670020750319647,-9.517700899640984
-1.1670020750319647,-9.517700899640984
-0.7880889854390545,0.4302985223462812
-0.7880889854390545,0.4302985223462812
-1.1634947989446098,22.426291561514375
-0.0854463523118411,-9.966143520094988
-0.0854463523118411,-9.966143520094988
-1.9863812027741652,-5.5145050661126085
-1.9863812027741652,-5.5145050661126085
-0.5905431884432754,-15.600292821835236
-0.3651148987213489,7.160287223622692
-0.3651148987213489,7.160287223622692
-0.0641838256981781,4.778943616194274
0.1875904154645691,3.877036519159631
0.6125536124521699,-13.144665819010385
-0.3363834731812079,2.3522964960604247
0.7752011596704903,-9.088454133271112
-1.9487066852787112,-2.2171421496641415
0.7112280681260338,9.894337980220833
-0.3995390891478464,-7.304916973112251
-0.3995390891478464,-7.304916973112251
0.2672396453689517,-16.63293151021154
0.0624076211355745,20.240106933158295
-1.0091749451354537,-23.444003599360585
-1.0091749451354537,-23.444003599360585
-0.0800972824868374,-2.558375928609396
-0.0800972824868374,-2.558375928609396
-2.784400786475609,10.980621257785309
-2.784400786475609,10.980621257785309
1.2219456278999663,4.936679627796964
-1.2917339812355026,-7.125405450719253
-1.2917339812355026,-7.125405450719253
-1.3928734864485557,5.816286405782138
-1.3928734864485557,5.816286405782138
0.1824321299302049,-1.309210070625704
-0.5080567580969946,6.218900051459791
1.0051564432362452,-8.432116769060432
-0.459058674212259,-2.325770064024345
-0.2799700812122183,-1.1467233397446002
-0.1578876629204705,-7.275958972840893
-0.5252132859038655,8.223194608454886
2.961123397060004,17.799680363766022
-1.6054058475583015,-3.2601207344814283
-1.6054058475583015,-3.2601207344814283
-1.5989748962068142,-1.5704063429151485
-1.0205117846838412,10.97450031245402
-1.0205117846838412,10.97450031245402
-0.8013754618670951,14.010298778271189
-1.3292725769762412,-8.238194135072805
-1.3292725769762412,-8.238194135072805
-0.1753288556557163,7.078717714616568
-0.1753288556557163,7.078717714616568
-0.5661591091416585,-4.825812356932361
-0.5661591091416585,-4.825812356932361
0.4848218964275618,11.5249333596344
-0.5842650187891013,-8.567114063405427
-0.7694735312956683,-3.511132677922074
-0.7694735312956683,-3.511132677922074
-0.0429219135200032,8.310199090383874
-1.903763455046783,-19.815288465408283
-1.903763455046783,-19.815288465408283
0.4422582629051302,-2.696656912763081
0.3256057622843294,-5.468523367379339
-0.3829085127486767,-2.872515346031169
1.7472326342004758,16.91120687835714
0.4296555028154112,9.80533930141586
0.4296555028154112,9.80533930141586
-0.3610999956677156,-36.248068910747
-0.7478714054300653,-4.799422628948556
0.3541785177265105,12.340926571653876
0.3541785177265105,12.340926571653876
0.1656897354545366,-1.4784790670443253
0.6032898156589154,5.0050327489536635
-0.9840447267846512,-9.632168963842853
-0.9840447267846512,-9.632168963842853
-0.0285346761468805,3.1017972049104476
0.5522271402078963,-11.68268610120581
-0.3802305810639309,-8.993100208707114
-0.7364206118612365,11.225639493168217
-0.7364206118612365,11.225639493168217
0.24134364455464,5.98651833169699
-1.2570882449382494,16.254717376747678
0.8505750535573846,2.900280105531353
-0.706152964107029,19.580842577187664
-0.706152964107029,19.580842577187664
0.2529619713090056,-4.760700861953237
-0.2264534947000968,8.403980710538178
-0.272533297961565,9.263266931636242
-0.272533297961565,9.263266931636242
1.0429630673523411,0.7953282836978492
0.2480953578930571,-7.276883954467131
-0.9575025060881244,1.937665073006166
-3.069916075292903,10.345160025792488
-3.069916075292903,10.345160025792488
-0.3229792621592753,5.828531479615511
0.8096532966393346,2.283300055174616
-0.0408431811273735,9.469327802205516
-0.4417687903084645,-5.023205371785212
1.0367640228622077,-0.0477010920473751
-0.6535564182172422,6.962369484659904
-0.8676656972210045,-13.43555821410476
-0.8676656972210045,-13.43555821410476
-0.4786172185325668,14.709944944706862
0.4928973383393096,-15.967696264074092
-0.6334710577901609,4.504319986293547
0.792175942529436,4.803779506343873
1.1254582378743456,2.8752630168734967
0.7405430609239185,-15.176681220984186
-1.390156824680195,-8.34458632902483
-1.390156824680195,-8.34458632902483
-0.3397817311045676,-4.968997373552396
-0.6718345271638431,-10.513830784319078
-0.5218794724922299,-3.8659748165169727
-0.5218794724922299,-3.8659748165169727
0.1054671134342046,2.7004525590524886
0.8127769608134443,-9.70669215178095
-1.0568524855733996,-5.652302338193866
-0.0783688476621149,0.2320104144144998
-0.9033991731026896,-17.404138973234737
0.4582632833002304,9.822344247798243
0.4582632833002304,9.822344247798243
-0.7952866973013587,-9.702789912839414
-0.7952866973013587,-9.702789912839414
-0.4908217600673629,-19.75603963923162
-0.6035211755384722,-6.572346883871857
-0.8091870311284323,-15.302252117470768
-2.025757951176603,-6.854133062340515
-2.025757951176603,-6.854133062340515
-0.5278357376445242,-5.60721095908646
-0.5278357376445242,-5.60721095908646
-2.9076468829640407,-10.087301268455317
-2.9076468829640407,-10.087301268455317
-2.1285551434349226,-3.36901613713477
-0.0451874664992927,1.187121047647047
-0.0451874664992927,1.187121047647047
-0.950367358398726,-8.456999425150816
0.2886290372182736,-5.552256830414741
-0.5903853281245973,-4.7679036469735845
0.7938343464124149,0.3167757747983857
-0.5103122861110464,-12.27846093439069
-0.5103122861110464,-12.27846093439069
-0.3711503391746822,6.582972177191067
-0.3711503391746822,6.582972177191067
0.3518307242592911,8.256789980935231
0.71211775801842,-8.065042700326497
-0.0546279202493696,-5.547530403475482
-0.0546279202493696,-5.547530403475482
0.2629284167887171,3.3096598885462707
0.2629284167887171,3.3096598885462707
0.1532804320452108,7.370687711471541
-0.9440075035405414,-6.5515303933983375
-0.4497561106871712,0.371619553368504
-0.4497561106871712,0.371619553368504
0.1221953493865253,-21.568661665987992
-1.1689016192625523,3.5697539481219187
-1.1689016192625523,3.5697539481219187
0.1522042204367239,7.198929290862367
1.103481931562,-7.54685509828163
0.7673031467427064,7.041614461011686
-0.6960759045407093,-11.58785914538754
0.1558561149069286,-5.072181571078255
-0.5359864876625975,-2.3464761618417445
-0.5359864876625975,-2.3464761618417445
-0.7211861161881841,-2.864799117955396
-0.9721551039548082,6.473148456141688
-0.9721551039548082,6.473148456141688
-0.2080994685741229,-6.79905195145714
-0.2080994685741229,-6.79905195145714
-0.9265519668360254,6.846777673826949
-0.2249155677138414,0.8471607647626873
-0.4736697886341794,5.7954507914635744
-0.486189392636076,0.2025495897687077
-0.486189392636076,0.2025495897687077
-0.4703410362925752,16.065068573379094
-0.302498163229694,-6.335926329979484
0.26186525428505,6.998971825284908
0.26186525428505,6.998971825284908
0.2526567903262748,14.306682489698169
0.9767129525270606,1.0570795311801735
0.1175246212950799,4.0740576273269
-0.4112749530363804,7.963970527129671
-1.0310820266184688,-4.1751108972408595
-1.0310820266184688,-4.1751108972408595
-1.2992237148471342,5.438379102113551
-1.2992237148471342,5.438379102113551
-0.3328962349637906,1.723424936317576
-0.3328962349637906,1.723424936317576
-0.1028362322352958,0.0242541609533457
-0.1028362322352958,0.0242541609533457
-0.3462634597179816,8.609381397036437
-1.6869528541744137,-12.2804445498517
0.1722474266038509,-20.405255335691304
0.1722474266038509,-20.405255335691304
-0.2593197214492448,-10.142356876087517
-0.2593197214492448,-10.142356876087517
-1.0821853957246867,-1.023344532426573
-1.0821853957246867,-1.023344532426573
-0.4046646007073583,1.6965318964586984
-0.4046646007073583,1.6965318964586984
-0.667235608630636,5.312391863949175
-0.1986407520748579,3.827943109182457
0.2756646640239895,-2.9577906353141383
-1.3374114985847372,32.13115398286757
-1.3374114985847372,32.13115398286757
-1.5941579929964511,-17.436406000225006
-1.5941579929964511,-17.436406000225006
-1.5941579929964511,-17.436406000225006
0.1565144919699895,-0.0039687345420001
0.1565144919699895,-0.0039687345420001
0.2671378190367037,-11.452773327277884
1.1856936392959476,10.86997917647854
-0.2970850428305683,0.3336342905704973
-0.2970850428305683,0.3336342905704973
-0.8944045351308156,-3.0764486647715987
0.5538392949309738,-3.174131167301033
0.1468476737124786,8.471547181827473
0.7246056875514724,-5.197006291529131
-0.6812013439746669,4.451418947224426
1.0733613549877352,-10.86277519875808
-0.6623395790226858,3.1828957644673856
-0.6623395790226858,3.1828957644673856
-0.1407011528265517,-2.228884579328602
0.4001610592421172,2.3154104661025317
1.3623913693611118,-10.28719494672218
-0.6939188102594919,13.557311933776624
1.0138808743310137,0.0801332448479542
-0.8194227593821275,8.8672100176125
-0.6300800576978501,10.236977505817327
-0.6300800576978501,10.236977505817327
-1.1095975314233009,3.531018772487169
-1.0086052256149407,1.877880818576828
-1.0086052256149407,1.877880818576828
0.1973501464109658,-9.567533778976026
-0.5574343831584461,10.10801128891714
-0.5574343831584461,10.10801128891714
-0.649177528402622,8.458525741563253
-1.3857740886264165,8.895778208080422
0.9189225084401944,-13.306387673906414
0.9189225084401944,-13.306387673906414
0.494762344764509,8.620735691849548
-0.4683610131959975,-1.8951155037912
-1.1094230872166972,5.867517242941625
-1.1094230872166972,5.867517242941625
0.6236938635604203,-15.967296944556344
0.6236938635604203,-15.967296944556344
-1.5441326906312862,28.232799239330664
-0.9347797038358414,-9.067866270080785
0.4596478053475087,8.37350135824952
-0.605882904143495,-16.13178353740992
-0.605882904143495,-16.13178353740992
0.5857725769701674,3.898182781489727
-1.617896763047575,0.2406660967687793
-1.6701724542789282,1.0272221837399729
-1.6701724542789282,1.0272221837399729
-0.2302773384582537,-3.9116404860481504
-0.2302773384582537,-3.9116404860481504
-0.7990834615476808,6.898347492485085
-0.7990834615476808,6.898347492485085
-0.1834129407366762,-3.5000385128533984
1.7305742025318285,-1.2208032423434447
-0.5930695258227061,-18.056891721620445
-0.2591226279007277,13.3164709790709
-0.2591226279007277,13.3164709790709
-1.2090457614191188,0.6361205960692723
-1.2090457614191188,0.6361205960692723
0.4188236383828662,5.691576832527948
0.0349871571759081,2.1942442619233025
-0.4511108285993853,17.054478873834988
-0.8872477180657216,-8.14073116730619
-0.8872477180657216,-8.14073116730619
0.8261171821748469,7.763602143854964
-0.477462333944404,-12.042331930984991
0.4138358718322549,-8.102104047636866
-0.2925220960559535,-23.64778050534401
-1.9511015211443217,-5.1537340973823795
-1.9511015211443217,-5.1537340973823795
1.3130480396466682,-11.922215707604106
-0.9373287960583008,-5.721434837044303
0.467502897515793,-14.74543899859274
-0.7601318226075308,-26.37985355821007
-1.9459781107676344,-6.469728435590369
-1.9459781107676344,-6.469728435590369
1.117876092827149,2.6136834280644865
-0.4531802240726134,2.2266262441842146
-1.5592841623500298,2.9846217279005094
-1.5592841623500298,2.9846217279005094
1.1859676988751635,0.9327389424812444
-1.9554553694007504,0.3203731710067698
-0.1323146674536721,-9.365170604041372
-0.1323146674536721,-9.365170604041372
-0.7471649788076302,-2.281302464929386
-0.7471649788076302,-2.281302464929386
-0.8138722808317985,-5.705583291238274
-0.921796819559186,-7.593450736156107
-1.3614600311707044,-5.386899901766828
-1.3614600311707044,-5.386899901766828
-0.6556895998041485,-20.60879776719328
-0.6556895998041485,-20.60879776719328
1.0046007418157783,-18.7313510673697
0.5575665128116264,13.024510653065988
1.2145585999626194,-6.9672380968986545
0.7711143512684105,10.132917861819903
-1.2722444009889915,-1.7299079817531076
-1.2722444009889915,-1.7299079817531076
-0.2649775540489843,-9.315028433632664
-1.562040038981316,5.458572944885751
-1.562040038981316,5.458572944885751
0.2363736081265342,12.97641956976288
-0.461155888213432,4.521575946022932
1.150541468816421,-19.94814433360633
0.5359124387058859,20.5373375070401
0.3279653636875329,14.498619206589558
0.6679298831366763,1.2443910053470977
-0.9993832017914094,-4.803450412973016
-0.9993832017914094,-4.803450412973016
-0.4450579434862077,5.617699105082887
-1.1359226450492583,2.1270977656927874
-1.1359226450492583,2.1270977656927874
-1.1359226450492583,2.1270977656927874
0.0126353772581215,-0.8072127866256209
0.0126353772581215,-0.8072127866256209
-1.9053817280909204,-1.2021291041537672
-1.9053817280909204,-1.2021291041537672
-0.944273644458726,-3.16657065040971
-0.944273644458726,-3.16657065040971
-1.9698208836819031,0.51247536173307
-1.9698208836819031,0.51247536173307
0.9472137062314774,-6.33617119821753
0.9921619166690334,-3.5358916253086017
-0.9677776303952412,3.263998961210224
-0.5036136585082642,9.991148361614917
-0.5036136585082642,9.991148361614917
0.0022847225014648,-5.188023480628975
1.0956522284046362,9.242680899762748
-0.3607766202926696,21.193740325387797
-0.4954650781735567,6.932276291046795
-0.4954650781735567,6.932276291046795
-0.7358052141436684,-3.2361154742337987
-0.2619834486358109,-8.040131726748726
-0.2619834486358109,-8.040131726748726
-0.0922103637354893,6.1977711895151355
0.1765920667350122,1.0963889341221236
-0.3174662957693411,-2.695314372290207
-1.192538563639478,0.9103038205842722
-1.192538563639478,0.9103038205842722
-0.1534702819186179,-18.93520715782539
-0.1780210243845545,-7.291780067373891
1.3758862653913042,3.600248722990449
-0.2678405693267312,-4.5733779997538875
1.76968856599729,-16.25632745659566
-1.7107406075805331,3.505525460459986
0.249924801709874,-1.5221514074549551
0.2328845848783047,-4.147559853099622
-1.282621736057257,-2.168914977053641
-1.282621736057257,-2.168914977053641
-2.492382470623131,-1.3762679514549971
-2.492382470623131,-1.3762679514549971
-0.26171127059707,-3.590783348159949
0.8018551889097263,-14.811049994242182
-0.9387841305981242,-17.75569782265488
0.0861683839056373,9.37743276120298
-1.0863754859077903,-5.0931342757667055
-1.0863754859077903,-5.0931342757667055
0.6244131478807824,-12.161095351392666
-0.208327432945365,-6.043136341361893
0.0782720197388,5.839559384655237
-0.4071244343848741,-5.627395679427506
-0.4071244343848741,-5.627395679427506
-0.8659262752855624,22.81687331407536
-0.2621502081459828,-11.41397266634432
0.1213982153859136,-10.283192899044815
0.1213982153859136,-10.283192899044815
-0.7276975583536027,-2.863242705680491
-0.7276975583536027,-2.863242705680491
-0.3215974164324897,-19.453840972624533
-0.1963809482742172,-19.05849213949844
-1.7350459818358177,1.3821739635722956
-1.7350459818358177,1.3821739635722956
0.3633529708558335,-1.3570839423350105
-0.8715405459514135,-15.958480462209987
-1.437218050538811,9.570250811184156
-1.437218050538811,9.570250811184156
-1.437218050538811,9.570250811184156
-1.3689470212198986,6.969535280462582
-1.3689470212198986,6.969535280462582
-1.7894835734580252,26.77361810773363
0.646625454341492,19.190880466303703
-0.3017261074006852,4.48427254856657
-1.8478015669602108,-0.3627581975858739
-1.8478015669602108,-0.3627581975858739
0.3058043750679521,-10.4806626810157
0.1513153064628281,-6.428301800040569
-0.1985552904922914,4.7192750304203726
-1.53771872821218,17.578625528683595
-1.53771872821218,17.578625528683595
0.2062145552777229,6.911527905714092
0.2062145552777229,6.911527905714092
-0.1039711646646167,14.736539458678726
-0.8522895020422261,4.4057756889242885
-0.8522895020422261,4.4057756889242885
0.4524176265257673,-6.42575352128734
1.1521441317689487,4.580963788068176
-0.1908157286334116,-2.9387508638158177
-0.3432493657596209,-1.9763948924947847
-0.4125771904431183,-5.619020783710441
-0.6378979424427239,7.275230747682944
-0.6378979424427239,7.275230747682944
-0.2905556070244795,-10.284277476519168
-0.8956052260271911,-5.581351699437271
-1.131571908545259,6.307332403953295
-1.131571908545259,6.307332403953295
0.226409063473069,4.838171405673984
-0.7865538529569911,-22.552339135463026
-0.7865538529569911,-22.552339135463026
-0.5560749649389117,-9.79281852182746
-0.5560749649389117,-9.79281852182746
-0.2251305039351537,5.988304377016254
-0.2251305039351537,5.988304377016254
-0.7317155492836708,3.2232296727578813
0.0892455215070174,3.6683594267339448
1.1016898337202603,4.146033725233563
-0.6430206194866536,10.626284161751904
-0.0914660736130529,-8.446843089444169
1.1510692975827963,0.5630131548512117
-0.7381345410720994,-27.90886001041367
-0.8266899962669122,-12.413673246530657
-0.8266899962669122,-12.413673246530657
0.1618124163361536,-28.244039668286263
-0.6384825060198085,-10.710304566120476
-0.6482930805770686,-0.835791922635747
0.103182086656962,4.074426088315882
-0.3713393029565986,5.867892584372606
0.7671150515895889,-17.844153819943763
-1.8403877579984176,5.603847970742773
-1.8403877579984176,5.603847970742773
-0.6617014181329406,-7.526608270987548
0.6681438962372512,1.1202043251531404
0.6681438962372512,1.1202043251531404
-0.2700546657445515,-7.37461357018348
-0.1629094412940226,2.5926561497214182
-0.1629094412940226,2.5926561497214182
-1.3150669602198894,8.60292648789038
-1.3150669602198894,8.60292648789038
-1.4621929729568737,5.895091348955297
-0.1547477690556098,-4.019405725374034
-1.4996992579848556,-3.727475555344143
-1.4996992579848556,-3.727475555344143
0.1767984956357418,0.3972392200015461
-0.2907713875683529,-11.323765194092063
-0.3633455036557999,-11.952649320210028
-0.3633455036557999,-11.952649320210028
1.6189419481941123,-3.78307859026436
0.5013543868083735,6.196980566626689
0.3789950463229609,-4.384365378749776
-1.6076502423758003,-1.728077200932632
0.5195474930793159,13.40195093473493
0.2102841764163116,3.8242593594608825
0.893341308202405,1.4093050619963867
-0.1720602275831827,15.35350564522376
-0.6559399584446144,-7.085265465021306
-0.1030060550829664,5.700456007564684
2.1163383418964425,13.586384562824303
2.1163383418964425,13.586384562824303
-1.5019299839743268,10.040454434334832
0.6436227186776208,0.4687598048035558
0.6436227186776208,0.4687598048035558
0.3438146108012418,-2.2226086675389274
-1.9102227092970665,-5.709302580353528
-1.9102227092970665,-5.709302580353528
0.8838099227375135,-5.238498302625613
-0.0372660901294088,1.125197942058822
-1.608490507898111,20.06289483984388
-1.608490507898111,20.06289483984388
0.5973543431135271,13.206783424593846
-0.5873219627371778,-7.857040997781965
-0.5873219627371778,-7.857040997781965
-0.3753202199205481,7.589242926841219
-0.8853891592659958,-12.757550042562809
-0.8853891592659958,-12.757550042562809
-0.8682227397944229,-5.667295534170707
-0.9425384319874271,-6.277366881432325
-0.9425384319874271,-6.277366881432325
0.5783371654040034,0.771375062970568
0.5783371654040034,0.771375062970568
0.4246215809285568,2.3907929514204653
0.348262805078404,0.5364348579760565
-0.2992314829747406,-1.7392787735958497
-1.1531450435931945,-5.700000642950963
-1.1531450435931945,-5.700000642950963
-0.8668426721256687,-5.055503049482257
-0.8668426721256687,-5.055503049482257
0.6898873697105767,-9.981721889727591
0.4214522858953956,8.587298544565689
0.9581597719588548,-12.369138861812692
-0.8778821914318803,-9.072524031309886
0.4953215900661905,2.38867212537677
-0.7817374900335535,-22.280572211279924
-0.7817374900335535,-22.280572211279924
0.6586011248458815,4.539263103577381
-0.7024990705007012,2.582996814221152
-0.7024990705007012,2.582996814221152
0.1977540585069371,-3.775086847023989
0.1977540585069371,-3.775086847023989
-0.2639101473708952,1.7296637998720197
-0.4427073731001433,-0.9459207426266932
-0.4427073731001433,-0.9459207426266932
-0.0746054983052006,1.3537782733625623
0.7016182083758769,6.760822262986227
-0.1140855714651956,5.5775902172727765
-0.297648166649458,8.184859078401344
-0.297648166649458,8.184859078401344
-0.445136569443093,8.049208619556234
-0.445136569443093,8.049208619556234
-1.754211325809372,14.16902313630408
-1.754211325809372,14.16902313630408
-1.1349641161368784,8.782821522654212
0.6461420953404394,-4.55332199215901
-0.852052045360797,-2.459259221023273
-0.852052045360797,-2.459259221023273
-0.2602831795061142,1.5429338326937194
0.0384462229023056,12.474636015349388
0.0384462229023056,12.474636015349388
-0.1134321710744345,-12.66978460761939
-0.1134321710744345,-12.66978460761939
-0.9544384684506044,-0.6898884980398434
0.2192663849907263,7.642059588015538
-0.1885077006816273,21.096279851553213
-0.1885077006816273,21.096279851553213
0.939925214997358,1.1148637977506035
0.4407882530416586,-4.252454605729674
0.5471418973825771,23.006078737633352
-1.140804661886566,5.675527838804353
-1.167128928282846,-7.801910770395294
-1.167128928282846,-7.801910770395294
0.3078189994028357,-0.9934841625287298
-0.7296994741570484,7.958224085800802
-0.7296994741570484,7.958224085800802
-0.5362320740311928,15.277928362806309
-1.5121659867699333,-0.7105942745061362
-1.5121659867699333,-0.7105942745061362
-0.239126153113269,13.747209446789574
0.7685480746255885,-0.9388065705103792
-1.63190177958394,3.379023444078299
0.6852213731076998,12.691838674819897
-0.8341695387865267,3.239981708129685
-0.8341695387865267,3.239981708129685
-0.7828560727854033,6.367090421842795
-0.7828560727854033,6.367090421842795
-1.7532107289762475,0.6267707333943251
-1.7532107289762475,0.6267707333943251
0.3594951895075027,1.6928420068588077
-0.6339258134454423,5.897663970016932
1.1091210936768343,-0.9916876139719252
-0.9417751649608364,5.088847044351165
-0.5092902547456685,-12.893303325512122
-0.5092902547456685,-12.893303325512122
-1.1695304895729597,-10.157086563273996
-1.1695304895729597,-10.157086563273996
0.3137063038363871,-6.687769207736243
-1.110424018075999,1.3987152976494712
0.6976455841275668,-7.257010145873897
-0.3022526240747743,-11.047381561943189
-0.3022526240747743,-11.047381561943189
-0.3681601669234083,7.387897450436256
-0.3681601669234083,7.387897450436256
-2.843720441519074,-0.6681461975369134
-2.843720441519074,-0.6681461975369134
0.6791209049817507,-0.9100054039327754
0.0779478815679221,-5.880055765052415
-0.148648285256687,-0.2475129231297211
-0.734565041686672,9.963475907654177
0.2997430953678152,-20.448830749172867
-0.7153444513749165,7.421228078556087
-0.7153444513749165,7.421228078556087
-0.4818854511101133,-2.2823486245879714
-0.3367912990633246,19.33981984222241
1.3996187556663091,3.491232652472636
-0.0069134069311105,-5.747743434604588
-0.0069134069311105,-5.747743434604588
-2.0369090553659173,-13.445936847356222
-2.3475952632050547,-4.947497153580808
-2.3475952632050547,-4.947497153580808
-0.9911767908644964,6.515834652144367
-1.2618885556061492,-11.572093404668
-1.2618885556061492,-11.572093404668
0.045750267278839,12.822368193405634
0.3619660085266162,-0.795561803252568
-0.1453524628609844,5.681080365280849
-2.5561071586464723,12.897745665753318
-2.5561071586464723,12.897745665753318
-0.1461135492879873,5.167126563567331
-0.3098309618042144,-4.71891702289038
-0.3098309618042144,-4.71891702289038
-0.5151537470548183,1.022518650163034
0.9790790513683434,13.775087804935495
-0.8476873835253015,-1.9608000401904664
-0.8476873835253015,-1.9608000401904664
-1.1873559672508591,-15.872860882211976
-0.074314491944152,5.67278852951625
0.648883777052024,11.558277778859765
-0.3036729025877425,8.575113740433588
-0.3036729025877425,8.575113740433588
1.861561015603587,12.121886298680732
-0.9964904771588668,-0.2221042847818709
-0.9964904771588668,-0.2221042847818709
-1.2562330055587023,-2.659204977071088
-0.5924297542725169,-3.5317384659243736
-0.5924297542725169,-3.5317384659243736
-0.6610252667912253,11.299963098964852
1.5459816272708828,7.36414706941384
-0.5102197173481776,12.063271151054426
0.5370836668567317,0.9991092041862246
0.3493892425384132,2.481948915178785
0.3493892425384132,2.481948915178785
-1.4699030347628887,0.9537014669637986
0.3470482488894083,-13.412650700192328
-1.213390411622164,5.374370405718855
-1.213390411622164,5.374370405718855
-0.1625701310382212,15.350418406538422
-0.1625701310382212,15.350418406538422
-0.394227450336261,14.061657719667336
-0.433354642178769,-10.884458584468618
-0.8560920829913317,1.6632013386597952
-0.1918987942617921,-10.013172814466811
-0.1918987942617921,-10.013172814466811
-0.3641531587202959,7.369057999568761
-1.781038807090286,1.948307563884335
-1.781038807090286,1.948307563884335
0.0947443870615807,-1.4764425136216714
-0.4829333075180048,4.570216154640041
-0.4829333075180048,4.570216154640041
-1.2914978486822173,-1.4487982651488265
-1.2932773778064774,6.068415623519078
0.1438179925318226,13.136732660747704
0.1438179925318226,13.136732660747704
-0.4592704552906209,16.161993115972322
-0.7920596169386466,-19.21876917411952
-0.7920596169386466,-19.21876917411952
-0.6915208282514681,4.048373098156227
-1.5556952731571052,15.200682192996538
-1.5556952731571052,15.200682192996538
-0.5419994411988519,18.759349934792137
-0.5419994411988519,18.759349934792137
-0.0055319432888549,1.4703784902483292
1.5294870907710438,-0.1684022650638725
-1.4604130134249835,-2.803029760383185
-1.4604130134249835,-2.803029760383185
-1.0630282996735931,-4.4426896005496355
2.6357220261260026,16.211114579550355
1.3939394609130695,7.154131893632432
0.2629452294792398,4.6411361302686664
0.2629452294792398,4.6411361302686664
-0.4294771750306242,16.334613419258933
0.6721185048032685,7.492708506159743
-0.6335648653093015,-17.999348861990555
0.1923488033645242,11.351383860986031
0.6776340137820308,-4.597857296638928
-1.6790287786692355,-5.172887842200043
-1.6790287786692355,-5.172887842200043
0.8019278069726969,7.660524718944449
